{
    "swipe_system1_rack1": [
        {
            "type": "move",
            "delay": 1.5974020957946777,
            "joints": [
                93.91962267290587,
                4.209116455738228,
                33.819736316831495,
                110.1878901814473,
                -2.94946607513462,
                -19.59994499321444
            ],
            "speed": 95
        },
        {
            "type": "move",
            "delay": 0.981529951095581,
            "joints": [
                78.4195875214508,
                24.31001953919314,
                36.12760601096003,
                166.2525144362565,
                31.427855295911804,
                -87.1973573219685
            ],
            "speed": 95
        },
        {
            "type": "gripper_open",
            "delay": 0.0021276473999023438
        },
        {
            "type": "sleep",
            "delay": 0.5,
            "duration": 0.5
        },
        {
            "type": "move",
            "delay": 0.6729605197906494,
            "joints": [
                81.61796703428183,
                58.85586985159411,
                67.64620036999546,
                171.07117191456547,
                34.30890080480947,
                -89.23192724174272
            ],
            "speed": 85
        },
        {
            "type": "gripper_close",
            "delay": 0.001392364501953125
        },
        {
            "type": "sleep",
            "delay": 0.5,
            "duration": 0.5
        },
        {
            "type": "move",
            "delay": 0.6198732852935791,
            "joints": [
                79.97397465200562,
                25.567996950336916,
                45.44572232200119,
                163.01071541087168,
                18.609480478650674,
                -82.18098635775516
            ],
            "speed": 95
        },
        {
            "type": "move",
            "delay": 1.0524656772613525,
            "joints": [
                86.23432796975338,
                21.667755736131827,
                53.94916098959991,
                88.5688934582529,
                93.62182642509332,
                -58.37632910015668
            ],
            "speed": 95
        },
        {
            "type": "move",
            "delay": 2.1632080078125,
            "joints": [
                86.18820370228828,
                20.123497776116135,
                52.84820621238014,
                89.24823090329154,
                89.44763827611007,
                -237.74947664993326
            ],
            "speed": 95
        },
        {
            "type": "move",
            "delay": 0.9299600124359131,
            "joints": [
                85.01701750492785,
                65.1339133592922,
                65.59222588278922,
                88.28126053192533,
                88.83640464728562,
                -270.00742191114966
            ],
            "speed": 60
        },
        {
            "type": "move",
            "delay": 0.2095623016357422,
            "joints": [
                85.0559769039536,
                65.88841703614682,
                66.8193854803979,
                86.44042209776934,
                88.1559265606556,
                -269.5667176153329
            ],
            "speed": 60
        },
        {
            "type": "move",
            "delay": 0.31151890754699707,
            "joints": [
                90.42089242151269,
                65.74580268627696,
                66.94643382914931,
                91.79937486018301,
                88.08025489484102,
                -269.3472021655979
            ],
            "speed": 50
        },
        {
            "type": "tool_move",
            "delay": 1.5983939170837402,
            "dx": 120,
            "dy": 0,
            "dz": 0,
            "speed": 90
        },
        {
            "type": "move",
            "delay": 0.3121755123138428,
            "joints": [
                83.55512479611335,
                60.35122365715251,
                36.93453480478909,
                85.99253927313492,
                85.98837285774121,
                -293.8564139266507
            ],
            "speed": 95
        },
        {
            "type": "move",
            "delay": 0.8281998634338379,
            "joints": [
                84.88782447677707,
                19.929725309362873,
                48.390056363748194,
                86.13037932077495,
                90.21159493477599,
                -242.0895291127211
            ],
            "speed": 95
        },
        {
            "type": "move",
            "delay": 1.6503722667694092,
            "joints": [
                93.65442008781262,
                4.427108773288356,
                34.307445974516256,
                -46.86872393368165,
                2.9417161583041826,
                -222.74591428886808
            ],
            "speed": 95
        },
        {
            "type": "move",
            "delay": 0.7258086204528809,
            "joints": [
                77.911387296256,
                24.376663402472246,
                36.29344983419711,
                -16.238636440374624,
                -31.39345163306245,
                -265.53971321277425
            ],
            "speed": 95
        },
        {
            "type": "move",
            "delay": 0.6742637157440186,
            "joints": [
                81.23651462951497,
                58.894945363835745,
                67.77724437941131,
                -11.07614382415262,
                -34.26455921671775,
                -267.84665058608107
            ],
            "speed": 85
        },
        {
            "type": "gripper_open",
            "delay": 0.001958131790161133
        },
        {
            "type": "sleep",
            "delay": 0.5,
            "duration": 0.5
        },
        {
            "type": "move",
            "delay": 0.6214754581451416,
            "joints": [
                77.91135997549932,
                24.375886468454155,
                36.29323126814367,
                -16.238902817752255,
                -31.392915463212606,
                -265.5394058542616
            ],
            "speed": 95
        },
        {
            "type": "gripper_close",
            "delay": 0.0022089481353759766
        },
        {
            "type": "move",
            "delay": 0.0004210472106933594,
            "joints": [
                93.91962267290587,
                4.209116028851406,
                33.819736316831495,
                110.18788335125814,
                -2.9494654348043854,
                -379.59994328566717
            ],
            "speed": 95
        }
    ]
}