{
    "tap_system1_rack1": [
        {
            "type": "move",
            "delay": 0.05322098731994629,
            "joints": [
                101.15163870197965,
                -2.82320533257188,
                29.477774816170637,
                17.083874057710993,
                1.806896876292666,
                83.52813188851346
            ],
            "speed": 75
        },
        {
            "type": "move",
            "delay": 0.7172443866729736,
            "joints": [
                87.97218764179308,
                34.12325284807394,
                56.89031557828827,
                -0.42157029458930895,
                -8.471716707772242,
                95.41609662948815
            ],
            "speed": 75
        },
        {
            "type": "gripper_open",
            "delay": 0.0014500617980957031
        },
        {
            "type": "sleep",
            "delay": 1,
            "duration": 1
        },
        {
            "type": "move",
            "delay": 0.872622013092041,
            "joints": [
                88.45243190271502,
                53.42537768781373,
                68.31273121034032,
                1.076177839118726,
                -21.866854042890406,
                85.7012521956014
            ],
            "speed": 25
        },
        {
            "type": "sleep",
            "delay": 0.5,
            "duration": 0.5
        },
        {
            "type": "gripper_close",
            "delay": 0.0016736984252929688
        },
        {
            "type": "sleep",
            "delay": 1.5,
            "duration": 1.5
        },
        {
            "type": "move",
            "delay": 0.8725368976593018,
            "joints": [
                87.97204420782052,
                34.123058187682595,
                56.8902165405453,
                -0.42193354859536253,
                -8.471624500218446,
                95.41649278046002
            ],
            "speed": 25
        },
        {
            "type": "move",
            "delay": 1.538114070892334,
            "joints": [
                102.1738584735421,
                36.38310631233728,
                55.319047635199766,
                99.15610331331204,
                78.5192126606846,
                107.27606442505498
            ],
            "speed": 75
        },
        {
            "type": "move",
            "delay": 0.7202057838439941,
            "joints": [
                140.37023657654518,
                36.054222458517415,
                54.87978792439249,
                128.67889249120765,
                52.2228511674467,
                107.54437474622058
            ],
            "speed": 75
        },
        {
            "type": "move",
            "delay": 0.7209925651550293,
            "joints": [
                144.03635427392788,
                38.32254194225699,
                61.05389302839591,
                124.71608503665794,
                37.19200220064731,
                114.36681165152538
            ],
            "speed": 25
        },
        {
            "type": "sleep",
            "delay": 7,
            "duration": 7
        },
        {
            "type": "move",
            "delay": 0.6172032356262207,
            "joints": [
                138.65172000023497,
                27.801979365571544,
                51.39634022126721,
                130.95712940962207,
                66.47217964412947,
                108.21740109646613
            ],
            "speed": 75
        },
        {
            "type": "move",
            "delay": 0.7177276611328125,
            "joints": [
                102.1738584735421,
                36.383113142526454,
                55.31903055972684,
                99.15610331331204,
                78.51921949087378,
                107.27604393448748
            ],
            "speed": 75
        },
        {
            "type": "move",
            "delay": 1.4860076904296875,
            "joints": [
                89.49432944927628,
                23.92734282301754,
                50.885653807214524,
                5.0908050851276645,
                -2.782976799020974,
                90.90515283366659
            ],
            "speed": 75
        },
        {
            "type": "move",
            "delay": 0.7200090885162354,
            "joints": [
                88.45243190271502,
                53.42537768781373,
                68.31273121034032,
                1.0761810407698993,
                -21.8668557504377,
                85.70124536541222
            ],
            "speed": 55
        },
        {
            "type": "sleep",
            "delay": 0.5,
            "duration": 0.5
        },
        {
            "type": "gripper_open",
            "delay": 0.0015087127685546875
        },
        {
            "type": "sleep",
            "delay": 1,
            "duration": 1
        },
        {
            "type": "move",
            "delay": 0.514876127243042,
            "joints": [
                87.97204420782052,
                34.123058187682595,
                56.8902165405453,
                -0.42193354859536253,
                -8.471624500218446,
                95.41649278046002
            ],
            "speed": 55
        },
        {
            "type": "gripper_close",
            "delay": 0.0018513202667236328
        },
        {
            "type": "move",
            "delay": 0.7212622165679932,
            "joints": [
                101.15163870197965,
                -2.82320533257188,
                29.477774816170637,
                17.083874057710993,
                1.806896876292666,
                83.52813188851346
            ],
            "speed": 75
        }
    ]
}