{
    "insert_system1_rack1": [
        {
            "type": "move",
            "delay": 0.05329751968383789,
            "joints": [
                101.15163870197965,
                -2.8232049056850568,
                29.477774816170637,
                17.083874057710993,
                1.806896876292666,
                -276.4718749416757
            ],
            "speed": 85
        },
        {
            "type": "move",
            "delay": 0.7208137512207031,
            "joints": [
                88.52041277552415,
                34.10710286578144,
                56.866519199219944,
                1.5256864622190167,
                -8.477374665725952,
                -266.0408441921781
            ],
            "speed": 75
        },
        {
            "type": "gripper_open",
            "delay": 0.0012099742889404297
        },
        {
            "type": "sleep",
            "delay": 1,
            "duration": 1
        },
        {
            "type": "move",
            "delay": 0.9273374080657959,
            "joints": [
                88.82917830714375,
                53.4170926683505,
                68.2976774734096,
                1.6814493531279806,
                -21.87734692100284,
                -274.5583154834266
            ],
            "speed": 25
        },
        {
            "type": "sleep",
            "delay": 0.5,
            "duration": 0.5
        },
        {
            "type": "gripper_close",
            "delay": 0.002421855926513672
        },
        {
            "type": "sleep",
            "delay": 1.5,
            "duration": 1.5
        },
        {
            "type": "move",
            "delay": 0.8821654319763184,
            "joints": [
                87.97204420782052,
                34.123058187682595,
                56.8902165405453,
                -0.4219324813783047,
                -8.471624500218446,
                -264.58351404972916
            ],
            "speed": 25
        },
        {
            "type": "move",
            "delay": 0.6679761409759521,
            "joints": [
                101.15163870197965,
                -2.82320533257188,
                29.477774816170637,
                17.083874057710993,
                1.806896876292666,
                -276.4718681114865
            ],
            "speed": 85
        },
        {
            "type": "move",
            "delay": 1.0826616287231445,
            "joints": [
                92.72109522829788,
                2.1108823427103114,
                29.820909859693735,
                6.857111641286826,
                -61.15046507307072,
                -272.436592349843
            ],
            "speed": 75
        },
        {
            "type": "move",
            "delay": 0.7736396789550781,
            "joints": [
                135.25439756744896,
                2.0670796992327847,
                29.82140163331398,
                6.838037911142742,
                -61.020684648651304,
                -270.6047424446348
            ],
            "speed": 75
        },
        {
            "type": "move",
            "delay": 0.8232622146606445,
            "joints": [
                180.50271057433494,
                2.077990499545057,
                29.821913897501727,
                6.935682295517244,
                -61.066952350088975,
                -271.98913299693714
            ],
            "speed": 75
        },
        {
            "type": "move",
            "delay": 1.9005720615386963,
            "joints": [
                199.02466730141379,
                77.95438333708123,
                98.03532391202631,
                109.11047565120198,
                -95.21330831303048,
                -287.1599735209651
            ],
            "speed": 60
        },
        {
            "type": "move",
            "delay": 0.364396333694458,
            "joints": [
                193.7848193777468,
                75.98569059185178,
                93.62780284061708,
                104.2966061355012,
                -92.89883724106913,
                -285.3553077686535
            ],
            "speed": 20
        },
        {
            "type": "move",
            "delay": 0.5679647922515869,
            "joints": [
                193.6737605018424,
                78.04420715485607,
                96.06615988374412,
                104.51297286802885,
                -93.07504929146629,
                -287.7010679372027
            ],
            "speed": 5
        },
        {
            "type": "sleep",
            "delay": 1,
            "duration": 1
        },
        {
            "type": "move",
            "delay": 1.185359001159668,
            "joints": [
                188.02859549244852,
                76.79535487644343,
                92.82783742464684,
                99.18184629629381,
                -91.0573704295095,
                -286.145239636733
            ],
            "speed": 5
        },
        {
            "type": "sleep",
            "delay": 4,
            "duration": 4
        },
        {
            "type": "sleep",
            "delay": 1,
            "duration": 1
        },
        {
            "type": "move",
            "delay": 1.184770107269287,
            "joints": [
                193.6737605018424,
                78.04420715485607,
                96.06615988374412,
                104.51297969821802,
                -93.07504929146629,
                -287.7010679372027
            ],
            "speed": 5
        },
        {
            "type": "sleep",
            "delay": 1,
            "duration": 1
        },
        {
            "type": "move",
            "delay": 0.25940799713134766,
            "joints": [
                193.7848193777468,
                75.98569742204094,
                93.62779601042791,
                104.2966061355012,
                -92.89883041087995,
                -285.3552941082752
            ],
            "speed": 20
        },
        {
            "type": "move",
            "delay": 0.25905847549438477,
            "joints": [
                199.02466730141379,
                77.9543901672704,
                98.03533757240464,
                109.11047565120198,
                -95.21330831303048,
                -287.1599735209651
            ],
            "speed": 60
        },
        {
            "type": "move",
            "delay": 1.592545747756958,
            "joints": [
                180.50271057433494,
                2.078012484216448,
                29.821910482407144,
                6.935685710611829,
                -61.06697284065648,
                -271.9891193365588
            ],
            "speed": 75
        },
        {
            "type": "move",
            "delay": 0.825070858001709,
            "joints": [
                135.25439756744896,
                2.067082047110312,
                29.82140163331398,
                6.838042606897797,
                -61.020684648651304,
                -270.6047424446348
            ],
            "speed": 75
        },
        {
            "type": "move",
            "delay": 0.9761981964111328,
            "joints": [
                101.15185726803308,
                -2.822948773591181,
                29.477853363346092,
                17.082238227404776,
                1.8066723338237018,
                -276.4702015453291
            ],
            "speed": 85
        },
        {
            "type": "move",
            "delay": 0.5669848918914795,
            "joints": [
                89.4943226190871,
                23.927339407922958,
                50.88564356193077,
                5.090775203050046,
                -2.7829819216628517,
                -269.0948198455767
            ],
            "speed": 75
        },
        {
            "type": "move",
            "delay": 0.720771312713623,
            "joints": [
                88.82917830714375,
                53.4170926683505,
                68.2976774734096,
                1.6814425229388106,
                -21.877343505908254,
                -274.5583154834266
            ],
            "speed": 55
        },
        {
            "type": "sleep",
            "delay": 0.5,
            "duration": 0.5
        },
        {
            "type": "gripper_open",
            "delay": 0.0028128623962402344
        },
        {
            "type": "sleep",
            "delay": 1,
            "duration": 1
        },
        {
            "type": "move",
            "delay": 0.5147364139556885,
            "joints": [
                88.52026934155158,
                34.10691162048468,
                56.866437236949906,
                1.5253895624335327,
                -8.477266236472877,
                -266.0405095129088
            ],
            "speed": 55
        },
        {
            "type": "gripper_close",
            "delay": 0.002565622329711914
        },
        {
            "type": "move",
            "delay": 0.7202248573303223,
            "joints": [
                101.15163870197965,
                -2.8232049056850568,
                29.477774816170637,
                17.083874057710993,
                1.806896876292666,
                -276.4718681114865
            ],
            "speed": 75
        }
    ]
}